{
    "GameObjects": [
        {
            "UUID": 628829459,
            "UUIDparent": 0,
            "aabbMax": [
                null,
                null,
                null
            ],
            "aabbMin": [
                null,
                null,
                null
            ],
            "components": [
                {
                    "isEnable": true,
                    "isUnique": true,
                    "matrixRotate": [
                        1.0,
                        0.0,
                        0.0,
                        0.0,
                        0.0,
                        1.0,
                        0.0,
                        0.0,
                        0.0,
                        0.0,
                        1.0,
                        0.0,
                        0.0,
                        0.0,
                        0.0,
                        1.0
                    ],
                    "matrixScale": [
                        1.0,
                        0.0,
                        0.0,
                        0.0,
                        0.0,
                        1.0,
                        0.0,
                        0.0,
                        0.0,
                        0.0,
                        1.0,
                        0.0,
                        0.0,
                        0.0,
                        0.0,
                        1.0
                    ],
                    "matrixTranslate": [
                        1.0,
                        0.0,
                        0.0,
                        0.600000023841858,
                        0.0,
                        1.0,
                        0.0,
                        0.0,
                        0.0,
                        0.0,
                        1.0,
                        0.0,
                        0.0,
                        0.0,
                        0.0,
                        1.0
                    ],
                    "position": [
                        0.600000023841858,
                        0.0,
                        0.0
                    ],
                    "rotation": [
                        0.0,
                        0.0,
                        0.0
                    ],
                    "scale": [
                        1.0,
                        1.0,
                        1.0
                    ],
                    "transform": [
                        1.0,
                        0.0,
                        0.0,
                        0.600000023841858,
                        0.0,
                        1.0,
                        0.0,
                        0.0,
                        0.0,
                        0.0,
                        1.0,
                        0.0,
                        0.0,
                        0.0,
                        0.0,
                        1.0
                    ],
                    "typeComponent": 1
                }
            ],
            "elements": [
                {
                    "TypeElemeneGametUI": 3,
                    "background_hasTexture": false,
                    "background_texName": "",
                    "enable": true,
                    "fontPath": "Assets/Fonts/Roboto-Regular.ttf",
                    "fontSize": 12,
                    "h": 117,
                    "paddingX": 71,
                    "paddingY": 0,
                    "selected_hasTexture": false,
                    "selected_texName": "",
                    "text": "New Label",
                    "visible": true,
                    "w": 242,
                    "x": 706,
                    "y": 130
                },
                {
                    "TypeElemeneGametUI": 0,
                    "enable": true,
                    "h": 100,
                    "hasTexture": false,
                    "texName": "",
                    "visible": true,
                    "w": 100,
                    "x": 494,
                    "y": 350
                },
                {
                    "TypeElemeneGametUI": 2,
                    "background_hasTexture": false,
                    "background_texName": "",
                    "colorB": 0.498039215803146,
                    "colorG": 0.509803950786591,
                    "colorR": 0.792156875133514,
                    "disabled_hasTexture": false,
                    "disabled_texName": "",
                    "enable": true,
                    "fontPath": "Assets/Fonts/Roboto-Regular.ttf",
                    "fontSize": 12,
                    "h": 100,
                    "hover_hasTexture": false,
                    "hover_texName": "",
                    "paddingX": 0,
                    "paddingY": 0,
                    "pressed_hasTexture": false,
                    "pressed_texName": "",
                    "text": "New Label",
                    "visible": true,
                    "w": 100,
                    "x": 650,
                    "y": 350
                },
                {
                    "TypeElemeneGametUI": 2,
                    "background_hasTexture": false,
                    "background_texName": "",
                    "colorB": 1.0,
                    "colorG": 1.0,
                    "colorR": 1.0,
                    "disabled_hasTexture": false,
                    "disabled_texName": "",
                    "enable": true,
                    "fontPath": "Assets/Fonts/Roboto-Regular.ttf",
                    "fontSize": 12,
                    "h": 100,
                    "hover_hasTexture": false,
                    "hover_texName": "",
                    "paddingX": 0,
                    "paddingY": 0,
                    "pressed_hasTexture": false,
                    "pressed_texName": "",
                    "text": "New Label",
                    "visible": true,
                    "w": 100,
                    "x": 650,
                    "y": 350
                }
            ],
            "enable": true,
            "id": [
                1.0,
                0.0,
                0.0,
                0.0,
                0.0,
                1.0,
                0.0,
                0.0,
                0.0,
                0.0,
                1.0,
                0.0,
                0.600000023841858,
                0.0,
                0.0,
                1.0
            ],
            "idBone": [
                1.0,
                0.0,
                0.0,
                0.0,
                0.0,
                1.0,
                0.0,
                0.0,
                0.0,
                0.0,
                1.0,
                0.0,
                0.0,
                0.0,
                0.0,
                1.0
            ],
            "name": "GameObject",
            "nameNumber": 0,
            "staticFlag": false,
            "visible": true
        }
    ]
}
